{"cameraMode":{"drawMode":0,"name":"Shaded","section":"Shading Mode"},"sceneLighting":false,"audioPlay":false,"sceneViewState":{"m_AlwaysRefresh":false,"showFog":true,"showSkybox":false,"showFlares":true,"showImageEffects":true,"showParticleSystems":true,"showVisualEffectGraphs":true,"m_FxEnabled":true},"in2DMode":false,"pivot":{"x":-0.05728529021143913,"y":1.1617704629898072,"z":-1.4063467979431153},"rotation":{"x":0.000015541530956397764,"y":0.9986857771873474,"z":-0.05128799006342888,"w":0.00030014474759809673},"size":1.1656473875045777,"orthographic":false}